{"cameraMode":{"drawMode":0,"name":"Shaded","section":"Shading Mode"},"sceneLighting":true,"audioPlay":false,"sceneViewState":{"showFog":true,"showMaterialUpdate":false,"showSkybox":true,"showFlares":true,"showImageEffects":true,"showParticleSystems":true},"in2DMode":false,"pivot":{"x":-235.57513427734376,"y":-0.0647883415222168,"z":-64.18391418457031},"rotation":{"x":0.20010587573051454,"y":0.7631241083145142,"z":-0.27881768345832827,"w":0.5475946664810181},"size":164.82608032226563,"orthographic":false}