{"cameraMode":{"drawMode":24,"name":"Light Overlap","section":"Baked Global Illumination"},"sceneLighting":true,"audioPlay":false,"sceneViewState":{"showFog":true,"showMaterialUpdate":false,"showSkybox":true,"showFlares":true,"showImageEffects":true,"showParticleSystems":true},"in2DMode":false,"pivot":{"x":-848.567626953125,"y":-405.2200012207031,"z":-213.4372100830078},"rotation":{"x":-0.15845753252506257,"y":0.7492985129356384,"z":-0.1936437487602234,"w":-0.6131436824798584},"size":1146.1292724609375,"orthographic":false}